        X1,        X2,grp,str
  3.366450, 4.5558023,  2,  1
  3.461988,-5.0185158,  2,  1
 -2.721046,-7.9206489,  2,  1
  5.547782,-0.9425426,  1,  1
  9.048025, 4.4628280,  1,  1
  3.551570,-2.2975196,  1,  1
  4.499018, 1.2934995,  1,  1
 16.571115,11.3665572,  1,  1
